{
  "runtimeOptions": {
    "tfm": "net7.0",
    "frameworks": [
      {
        "name": "Microsoft.NETCore.App",
        "version": "7.0.0"
      },
      {
        "name": "Microsoft.WindowsDesktop.App",
        "version": "7.0.0"
      }
    ],
    "additionalProbingPaths": [
      "C:\\Users\\Malek\\.dotnet\\store\\|arch|\\|tfm|",
      "C:\\Users\\Malek\\.nuget\\packages"
    ],
    "configProperties": {
      "System.Runtime.Serialization.EnableUnsafeBinaryFormatterSerialization": true,
      "Microsoft.NETCore.DotNetHostPolicy.SetAppPaths": true
    }
  }
}